Workbook

Sheet Sheet0
A1: DC：林口DC
A2: 配別名稱：常溫
A3: 進貨指定日：2022-12-03
A4: 不可大車 | B4: 車次 | C4: ID | D4: 店名 | E4: 表定時間 | F4: 預定時間 | G4: 貨量 | H4: 裝載率
B5: 2M | D5: 林口ＤＣ | G5: 2.81 | H5: 0.39027778
A6: False | B6: 2M02 | C6: =_xlfn.XLOOKUP(D6,工作表1!C:C,工作表1!A:A) -> 1001018520 | D6: 高鐵二店 | E6: 2022-12-02 18:30:00 | F6: 2022-12-02 18:30:00 | G6: 1.31
A7: False | B7: 2M03 | C7: =_xlfn.XLOOKUP(D7,工作表1!C:C,工作表1!A:A) -> 1001018687 | D7: 台鐵一店 | E7: 2022-12-02 19:00:00 | F7: 2022-12-02 19:00:00 | G7: 0.95
A8: False | B8: 2M04 | C8: =_xlfn.XLOOKUP(D8,工作表1!C:C,工作表1!A:A) -> 1001021597 | D8: 機場捷運店 | E8: 2022-12-02 19:30:00 | F8: 2022-12-02 19:30:00 | G8: 0.55
A9: False | B9: 2MDC | D9: 林口ＤＣ | E9: 2022-12-02 19:50:00 | F9: 2022-12-02 19:50:00 | G9: 0
B10: 2N | D10: 林口ＤＣ | G10: 11.25 | H10: 0.78125
A11: False | B11: 2N01 | C11: =_xlfn.XLOOKUP(D11,工作表1!C:C,工作表1!A:A) -> 1001015407 | D11: 林口麗林店 | E11: 2022-12-03 06:00:00 | F11: 2022-12-03 06:00:00 | G11: 1.72
A12: False | B12: 2N02 | C12: =_xlfn.XLOOKUP(D12,工作表1!C:C,工作表1!A:A) -> 1001022531 | D12: 林口新都店 | E12: 2022-12-03 06:30:00 | F12: 2022-12-03 06:30:00 | G12: 0.66
A13: False | B13: 2N03 | C13: =_xlfn.XLOOKUP(D13,工作表1!C:C,工作表1!A:A) -> 1001022230 | D13: 林口影城店 | E13: 2022-12-03 06:45:00 | F13: 2022-12-03 06:45:00 | G13: 1.25
A14: False | B14: 2N04 | C14: =_xlfn.XLOOKUP(D14,工作表1!C:C,工作表1!A:A) -> 1001017041 | D14: 林口菁英店 | E14: 2022-12-03 07:00:00 | F14: 2022-12-03 07:00:00 | G14: 0.57
A15: False | B15: 2N05 | C15: =_xlfn.XLOOKUP(D15,工作表1!C:C,工作表1!A:A) -> 1001019267 | D15: 龜山大義店 | E15: 2022-12-03 07:15:00 | F15: 2022-12-03 07:15:00 | G15: 0.86
A16: False | B16: 2N06 | C16: =_xlfn.XLOOKUP(D16,工作表1!C:C,工作表1!A:A) -> 1001021576 | D16: 龜山甲子店 | E16: 2022-12-03 07:40:00 | F16: 2022-12-03 07:40:00 | G16: 1.45
A17: False | B17: 2N07 | C17: =_xlfn.XLOOKUP(D17,工作表1!C:C,工作表1!A:A) -> 1001021558 | D17: 龜山善捷店 | E17: 2022-12-03 07:50:00 | F17: 2022-12-03 07:50:00 | G17: 0.93
A18: False | B18: 2N08 | C18: =_xlfn.XLOOKUP(D18,工作表1!C:C,工作表1!A:A) -> 1001017360 | D18: 龜山新都店 | E18: 2022-12-03 08:20:00 | F18: 2022-12-03 08:20:00 | G18: 0.31
A19: False | B19: 2N09 | C19: =_xlfn.XLOOKUP(D19,工作表1!C:C,工作表1!A:A) -> 1001016068 | D19: 龜山新城店 | E19: 2022-12-03 08:35:00 | F19: 2022-12-03 08:35:00 | G19: 1.59
A20: False | B20: 2N10 | C20: =_xlfn.XLOOKUP(D20,工作表1!C:C,工作表1!A:A) -> 1001022088 | D20: 龜山庚勤店 | E20: 2022-12-03 08:55:00 | F20: 2022-12-03 08:55:00 | G20: 0.07
A21: False | B21: 2N11 | C21: =_xlfn.XLOOKUP(D21,工作表1!C:C,工作表1!A:A) -> 1001021758 | D21: 龜山長明店 | E21: 2022-12-03 09:15:00 | F21: 2022-12-03 09:15:00 | G21: 1.02
A22: False | B22: 2N12 | C22: =_xlfn.XLOOKUP(D22,工作表1!C:C,工作表1!A:A) -> 1001018725 | D22: 龜山庚德店 | E22: 2022-12-03 09:30:00 | F22: 2022-12-03 09:30:00 | G22: 0.12
A23: False | B23: 2N14 | C23: =_xlfn.XLOOKUP(D23,工作表1!C:C,工作表1!A:A) -> 1001016413 | D23: 龜山大湖店 | E23: 2022-12-03 10:20:00 | F23: 2022-12-03 10:20:00 | G23: 0.7
A24: False | B24: 2NDC | D24: 林口ＤＣ | E24: 2022-12-03 10:31:00 | F24: 2022-12-03 10:31:00 | G24: 0
B25: 2S | D25: 林口ＤＣ | G25: 11.28 | H25: 0.78333333
A26: False | B26: 2S01 | C26: =_xlfn.XLOOKUP(D26,工作表1!C:C,工作表1!A:A) -> 1001016401 | D26: 林口菁埔店 | E26: 2022-12-03 06:30:00 | F26: 2022-12-03 06:30:00 | G26: 0.72
A27: False | B27: 2S02 | C27: =_xlfn.XLOOKUP(D27,工作表1!C:C,工作表1!A:A) -> 1001015867 | D27: 林口南林店 | E27: 2022-12-03 06:50:00 | F27: 2022-12-03 06:50:00 | G27: 0.45
A28: False | B28: 2S03 | C28: =_xlfn.XLOOKUP(D28,工作表1!C:C,工作表1!A:A) -> 1001017243 | D28: 五股芳洲店 | E28: 2022-12-03 07:20:00 | F28: 2022-12-03 07:20:00 | G28: 1.15
A29: False | B29: 2S04 | C29: =_xlfn.XLOOKUP(D29,工作表1!C:C,工作表1!A:A) -> 1001016882 | D29: 五股洲子洋店 | E29: 2022-12-03 07:40:00 | F29: 2022-12-03 07:40:00 | G29: 1.16
A30: False | B30: 2S05 | C30: =_xlfn.XLOOKUP(D30,工作表1!C:C,工作表1!A:A) -> 1001017853 | D30: 五股新五店 | E30: 2022-12-03 08:00:00 | F30: 2022-12-03 08:00:00 | G30: 0.87
A31: False | B31: 2S06 | C31: =_xlfn.XLOOKUP(D31,工作表1!C:C,工作表1!A:A) -> 1001020723 | D31: 八里龍米店 | E31: 2022-12-03 08:30:00 | F31: 2022-12-03 08:30:00 | G31: 1.09
A32: False | B32: 2S07 | C32: =_xlfn.XLOOKUP(D32,工作表1!C:C,工作表1!A:A) -> 1001020456 | D32: 八里船頭店 | E32: 2022-12-03 08:50:00 | F32: 2022-12-03 08:50:00 | G32: 0.6
A33: False | B33: 2S08 | C33: =_xlfn.XLOOKUP(D33,工作表1!C:C,工作表1!A:A) -> 1001021847 | D33: 八里左岸店 | E33: 2022-12-03 09:10:00 | F33: 2022-12-03 09:10:00 | G33: 0.95
A34: False | B34: 2S09 | C34: =_xlfn.XLOOKUP(D34,工作表1!C:C,工作表1!A:A) -> 1001020726 | D34: 八里中廣店 | E34: 2022-12-03 09:30:00 | F34: 2022-12-03 09:30:00 | G34: 0.86
A35: False | B35: 2S10 | C35: =_xlfn.XLOOKUP(D35,工作表1!C:C,工作表1!A:A) -> 1001017885 | D35: 八里華城店 | E35: 2022-12-03 09:45:00 | F35: 2022-12-03 09:45:00 | G35: 0.73
A36: False | B36: 2S11 | C36: =_xlfn.XLOOKUP(D36,工作表1!C:C,工作表1!A:A) -> 1001016467 | D36: 八里中華店 | E36: 2022-12-03 10:00:00 | F36: 2022-12-03 10:00:00 | G36: 0.7
A37: False | B37: 2S12 | C37: =_xlfn.XLOOKUP(D37,工作表1!C:C,工作表1!A:A) -> 1001017641 | D37: 八里廖添丁店 | E37: 2022-12-03 10:15:00 | F37: 2022-12-03 10:15:00 | G37: 0.73
A38: False | B38: 2S13 | C38: =_xlfn.XLOOKUP(D38,工作表1!C:C,工作表1!A:A) -> 1001018483 | D38: 林口洪福店 | E38: 2022-12-03 10:40:00 | F38: 2022-12-03 10:40:00 | G38: 1.27
A39: False | B39: 2SDC | D39: 林口ＤＣ | E39: 2022-12-03 11:29:00 | F39: 2022-12-03 11:29:00 | G39: 0
B40: 2U | D40: 林口ＤＣ | G40: 12.38 | H40: 1.238
A41: False | B41: 2U01 | C41: =_xlfn.XLOOKUP(D41,工作表1!C:C,工作表1!A:A) -> 1001020993 | D41: 淡水新莊店 | E41: 2022-12-02 15:00:00 | F41: 2022-12-02 15:00:00 | G41: 1.11
A42: False | B42: 2U02 | C42: =_xlfn.XLOOKUP(D42,工作表1!C:C,工作表1!A:A) -> 1001022307 | D42: 淡水濱海店 | E42: 2022-12-02 15:20:00 | F42: 2022-12-02 15:20:00 | G42: 0.7
A43: False | B43: 2U03 | C43: =_xlfn.XLOOKUP(D43,工作表1!C:C,工作表1!A:A) -> 1001019377 | D43: 淡水凱旋店 | E43: 2022-12-02 15:40:00 | F43: 2022-12-02 15:40:00 | G43: 0.84
A44: False | B44: 2U04 | C44: =_xlfn.XLOOKUP(D44,工作表1!C:C,工作表1!A:A) -> 1001018299 | D44: 淡水海都店 | E44: 2022-12-02 16:00:00 | F44: 2022-12-02 16:00:00 | G44: 0.86
A45: False | B45: 2U05 | C45: =_xlfn.XLOOKUP(D45,工作表1!C:C,工作表1!A:A) -> 1001021018 | D45: 淡水海都二店 | E45: 2022-12-02 16:20:00 | F45: 2022-12-02 16:20:00 | G45: 1.29
A46: False | B46: 2U06 | C46: =_xlfn.XLOOKUP(D46,工作表1!C:C,工作表1!A:A) -> 1001022001 | D46: 淡水上璟店 | E46: 2022-12-02 16:40:00 | F46: 2022-12-02 16:40:00 | G46: 0.43
A47: False | B47: 2U07 | C47: =_xlfn.XLOOKUP(D47,工作表1!C:C,工作表1!A:A) -> 1001019756 | D47: 淡水銘崙店 | E47: 2022-12-02 17:00:00 | F47: 2022-12-02 17:00:00 | G47: 1.12
A48: False | B48: 2U08 | C48: =_xlfn.XLOOKUP(D48,工作表1!C:C,工作表1!A:A) -> 1001020604 | D48: 淡水江南店 | E48: 2022-12-02 17:20:00 | F48: 2022-12-02 17:20:00 | G48: 1.35
A49: False | B49: 2U09 | C49: =_xlfn.XLOOKUP(D49,工作表1!C:C,工作表1!A:A) -> 1001019402 | D49: 淡水新頂店 | E49: 2022-12-02 17:40:00 | F49: 2022-12-02 17:40:00 | G49: 0.75
A50: False | B50: 2U10 | C50: =_xlfn.XLOOKUP(D50,工作表1!C:C,工作表1!A:A) -> 1001019971 | D50: 三芝吉祥店 | E50: 2022-12-02 18:40:00 | F50: 2022-12-02 18:40:00 | G50: 2.68
A51: False | B51: 2U11 | C51: =_xlfn.XLOOKUP(D51,工作表1!C:C,工作表1!A:A) -> 1001022068 | D51: 石門粽香店 | E51: 2022-12-02 19:00:00 | F51: 2022-12-02 19:00:00 | G51: 1.25
A52: False | B52: 2UDC | D52: 林口ＤＣ | E52: 2022-12-02 19:58:00 | F52: 2022-12-02 19:58:00 | G52: 0
B53: 3B | D53: 林口ＤＣ | G53: 9.52 | H53: 1.3222222
A54: False | B54: 3B01 | C54: =_xlfn.XLOOKUP(D54,工作表1!C:C,工作表1!A:A) -> 1001017646 | D54: 八里龍王店 | E54: 2022-12-02 16:30:00 | F54: 2022-12-02 16:30:00 | G54: 1.71
A55: False | B55: 3B02 | C55: =_xlfn.XLOOKUP(D55,工作表1!C:C,工作表1!A:A) -> 1001017883 | D55: 淡水加州店 | E55: 2022-12-02 17:00:00 | F55: 2022-12-02 17:00:00 | G55: 1.46
A56: False | B56: 3B03 | C56: =_xlfn.XLOOKUP(D56,工作表1!C:C,工作表1!A:A) -> 1001022472 | D56: 淡水登峰店 | E56: 2022-12-02 17:20:00 | F56: 2022-12-02 17:20:00 | G56: 0.78
A57: False | B57: 3B04 | C57: =_xlfn.XLOOKUP(D57,工作表1!C:C,工作表1!A:A) -> 1001017729 | D57: 淡水青水店 | E57: 2022-12-02 17:40:00 | F57: 2022-12-02 17:40:00 | G57: 1
A58: False | B58: 3B05 | C58: =_xlfn.XLOOKUP(D58,工作表1!C:C,工作表1!A:A) -> 1001018321 | D58: 淡水源德店 | E58: 2022-12-02 18:00:00 | F58: 2022-12-02 18:00:00 | G58: 0.59
A59: False | B59: 3B06 | C59: =_xlfn.XLOOKUP(D59,工作表1!C:C,工作表1!A:A) -> 1001020122 | D59: 淡水旭陞店 | E59: 2022-12-02 18:20:00 | F59: 2022-12-02 18:20:00 | G59: 1.51
A60: False | B60: 3B07 | C60: =_xlfn.XLOOKUP(D60,工作表1!C:C,工作表1!A:A) -> 1001020605 | D60: 淡水紅毛城店 | E60: 2022-12-02 18:40:00 | F60: 2022-12-02 18:40:00 | G60: 1.18
A61: False | B61: 3B08 | C61: =_xlfn.XLOOKUP(D61,工作表1!C:C,工作表1!A:A) -> 1001021499 | D61: 淡水滬鑫店 | E61: 2022-12-02 19:00:00 | F61: 2022-12-02 19:00:00 | G61: 0.2
A62: False | B62: 3B09 | C62: =_xlfn.XLOOKUP(D62,工作表1!C:C,工作表1!A:A) -> 1001021819 | D62: 淡水成功店 | E62: 2022-12-02 19:10:00 | F62: 2022-12-02 19:10:00 | G62: 0.23
A63: False | B63: 3B10 | C63: =_xlfn.XLOOKUP(D63,工作表1!C:C,工作表1!A:A) -> 1001021926 | D63: 淡水捷運店 | E63: 2022-12-02 19:20:00 | F63: 2022-12-02 19:20:00 | G63: 0.86
A64: False | B64: 3BDC | D64: 林口ＤＣ | E64: 2022-12-02 19:50:00 | F64: 2022-12-02 19:50:00 | G64: 0
B65: 3C | D65: 林口ＤＣ | G65: 8.02 | H65: 1.1138889
A66: False | B66: 3C01 | C66: =_xlfn.XLOOKUP(D66,工作表1!C:C,工作表1!A:A) -> 1001016300 | D66: 行勝店 | E66: 2022-12-02 18:00:00 | F66: 2022-12-02 18:00:00 | G66: 1.6
A67: False | B67: 3C02 | C67: =_xlfn.XLOOKUP(D67,工作表1!C:C,工作表1!A:A) -> 1001014647 | D67: 北榮店 | E67: 2022-12-02 18:40:00 | F67: 2022-12-02 18:40:00 | G67: 2.82
A68: False | B68: 3C03 | C68: =_xlfn.XLOOKUP(D68,工作表1!C:C,工作表1!A:A) -> 1001014771 | D68: 振華店 | E68: 2022-12-02 19:10:00 | F68: 2022-12-02 19:10:00 | G68: 0.32
A69: False | B69: 3C04 | C69: =_xlfn.XLOOKUP(D69,工作表1!C:C,工作表1!A:A) -> 1001016961 | D69: 華勝店 | E69: 2022-12-02 19:25:00 | F69: 2022-12-02 19:25:00 | G69: 0.65
A70: False | B70: 3C05 | C70: =_xlfn.XLOOKUP(D70,工作表1!C:C,工作表1!A:A) -> 1001021019 | D70: 北護店 | E70: 2022-12-02 19:40:00 | F70: 2022-12-02 19:40:00 | G70: 0.87
A71: False | B71: 3C06 | C71: =_xlfn.XLOOKUP(D71,工作表1!C:C,工作表1!A:A) -> 1001017940 | D71: 新光醫院店 | E71: 2022-12-02 20:00:00 | F71: 2022-12-02 20:00:00 | G71: 1.76
A72: False | B72: 3CDC | D72: 林口ＤＣ | E72: 2022-12-02 20:20:00 | F72: 2022-12-02 20:20:00 | G72: 0
B73: 3D | D73: 林口ＤＣ | G73: 10.23 | H73: 1.4208333
A74: False | B74: 3D01 | C74: =_xlfn.XLOOKUP(D74,工作表1!C:C,工作表1!A:A) -> 1001015166 | D74: 八里富塘店 | E74: 2022-12-02 16:50:00 | F74: 2022-12-02 16:50:00 | G74: 0.67
A75: False | B75: 3D02 | C75: =_xlfn.XLOOKUP(D75,工作表1!C:C,工作表1!A:A) -> 1001021868 | D75: 中永店 | E75: 2022-12-02 18:00:00 | F75: 2022-12-02 18:00:00 | G75: 1.09
A76: False | B76: 3D03 | C76: =_xlfn.XLOOKUP(D76,工作表1!C:C,工作表1!A:A) -> 1001020960 | D76: 永興店 | E76: 2022-12-02 18:15:00 | F76: 2022-12-02 18:15:00 | G76: 1.64
A77: False | B77: 3D04 | C77: =_xlfn.XLOOKUP(D77,工作表1!C:C,工作表1!A:A) -> 1001020432 | D77: 新奇岩店 | E77: 2022-12-02 18:30:00 | F77: 2022-12-02 18:30:00 | G77: 0.41
A78: False | B78: 3D05 | C78: =_xlfn.XLOOKUP(D78,工作表1!C:C,工作表1!A:A) -> 1001019263 | D78: 三合店 | E78: 2022-12-02 18:45:00 | F78: 2022-12-02 18:45:00 | G78: 0.26
A79: False | B79: 3D06 | C79: =_xlfn.XLOOKUP(D79,工作表1!C:C,工作表1!A:A) -> 1001021690 | D79: 榮岩店 | E79: 2022-12-02 19:00:00 | F79: 2022-12-02 19:00:00 | G79: 1.08
A80: False | B80: 3D07 | C80: =_xlfn.XLOOKUP(D80,工作表1!C:C,工作表1!A:A) -> 1001017247 | D80: 中央南路店 | E80: 2022-12-02 19:15:00 | F80: 2022-12-02 19:15:00 | G80: 2.07
A81: False | B81: 3D08 | C81: =_xlfn.XLOOKUP(D81,工作表1!C:C,工作表1!A:A) -> 1001015347 | D81: 東陽店 | E81: 2022-12-02 19:30:00 | F81: 2022-12-02 19:30:00 | G81: 0.33
A82: False | B82: 3D09 | C82: =_xlfn.XLOOKUP(D82,工作表1!C:C,工作表1!A:A) -> 1001019529 | D82: 立賢店 | E82: 2022-12-02 19:45:00 | F82: 2022-12-02 19:45:00 | G82: 0.33
A83: False | B83: 3D10 | C83: =_xlfn.XLOOKUP(D83,工作表1!C:C,工作表1!A:A) -> 1001021646 | D83: 社子島店 | E83: 2022-12-02 20:00:00 | F83: 2022-12-02 20:00:00 | G83: 2.35
A84: False | B84: 3DDC | D84: 林口ＤＣ | E84: 2022-12-02 20:22:00 | F84: 2022-12-02 20:22:00 | G84: 0
B85: 3E | D85: 林口ＤＣ | G85: 5.56 | H85: 0.77222222
A86: False | B86: 3E01 | C86: =_xlfn.XLOOKUP(D86,工作表1!C:C,工作表1!A:A) -> 1001020646 | D86: 林口醒吾店 | E86: 2022-12-02 17:30:00 | F86: 2022-12-02 17:30:00 | G86: 1.23
A87: False | B87: 3E02 | C87: =_xlfn.XLOOKUP(D87,工作表1!C:C,工作表1!A:A) -> 1001015853 | D87: 五股登科店 | E87: 2022-12-02 17:50:00 | F87: 2022-12-02 17:50:00 | G87: 0.41
A88: False | B88: 3E03 | C88: =_xlfn.XLOOKUP(D88,工作表1!C:C,工作表1!A:A) -> 1001017273 | D88: 德惠店 | E88: 2022-12-02 18:30:00 | F88: 2022-12-02 18:30:00 | G88: 0.19
A89: False | B89: 3E04 | C89: =_xlfn.XLOOKUP(D89,工作表1!C:C,工作表1!A:A) -> 1001017355 | D89: 權勝店 | E89: 2022-12-02 18:50:00 | F89: 2022-12-02 18:50:00 | G89: 0.56
A90: False | B90: 3E05 | C90: =_xlfn.XLOOKUP(D90,工作表1!C:C,工作表1!A:A) -> 1001018272 | D90: 錦民店 | E90: 2022-12-02 19:10:00 | F90: 2022-12-02 19:10:00 | G90: 1.15
A91: False | B91: 3E06 | C91: =_xlfn.XLOOKUP(D91,工作表1!C:C,工作表1!A:A) -> 1001018404 | D91: 民佳店 | E91: 2022-12-02 19:30:00 | F91: 2022-12-02 19:30:00 | G91: 0.86
A92: False | B92: 3E07 | C92: =_xlfn.XLOOKUP(D92,工作表1!C:C,工作表1!A:A) -> 1001018619 | D92: 松好店 | E92: 2022-12-02 19:50:00 | F92: 2022-12-02 19:50:00 | G92: 0.22
A93: False | B93: 3E08 | C93: =_xlfn.XLOOKUP(D93,工作表1!C:C,工作表1!A:A) -> 1001018109 | D93: 松茂店 | E93: 2022-12-02 20:10:00 | F93: 2022-12-02 20:10:00 | G93: 0.94
A94: False | B94: 3EDC | D94: 林口ＤＣ | E94: 2022-12-02 20:31:00 | F94: 2022-12-02 20:31:00 | G94: 0
B95: 3F | D95: 林口ＤＣ | G95: 5.2 | H95: 0.72222222
A96: False | B96: 3F01 | C96: =_xlfn.XLOOKUP(D96,工作表1!C:C,工作表1!A:A) -> 1001020131 | D96: 興亞店 | E96: 2022-12-02 16:45:00 | F96: 2022-12-02 16:45:00 | G96: 0.65
A97: False | B97: 3F02 | C97: =_xlfn.XLOOKUP(D97,工作表1!C:C,工作表1!A:A) -> 1001021619 | D97: 京林店 | E97: 2022-12-02 16:45:00 | F97: 2022-12-02 16:45:00 | G97: 0.18
A98: False | B98: 3F03 | C98: =_xlfn.XLOOKUP(D98,工作表1!C:C,工作表1!A:A) -> 1001020662 | D98: 松平店 | E98: 2022-12-02 17:10:00 | F98: 2022-12-02 17:10:00 | G98: 0.56
A99: False | B99: 3F04 | C99: =_xlfn.XLOOKUP(D99,工作表1!C:C,工作表1!A:A) -> 1001019403 | D99: 京江店 | E99: 2022-12-02 17:20:00 | F99: 2022-12-02 17:20:00 | G99: 0.43
A100: False | B100: 3F05 | C100: =_xlfn.XLOOKUP(D100,工作表1!C:C,工作表1!A:A) -> 1001020017 | D100: 金通店 | E100: 2022-12-02 17:30:00 | F100: 2022-12-02 17:30:00 | G100: 0.86
...

Sheet 工作表2
A1: 車次 | B1: ID
A2: 2M
A3: 2M02 | B3: 1001018520
A4: 2M03 | B4: 1001018687
A5: 2M04 | B5: 1001021597
A6: 2MDC
A7: 2N
A8: 2N01 | B8: 1001015407
A9: 2N02 | B9: 1001022531
A10: 2N03 | B10: 1001022230
A11: 2N04 | B11: 1001017041
A12: 2N05 | B12: 1001019267
A13: 2N06 | B13: 1001021576
A14: 2N07 | B14: 1001021558
A15: 2N08 | B15: 1001017360
A16: 2N09 | B16: 1001016068
A17: 2N10 | B17: 1001022088
A18: 2N11 | B18: 1001021758
A19: 2N12 | B19: 1001018725
A20: 2N14 | B20: 1001016413
A21: 2NDC
A22: 2S
A23: 2S01 | B23: 1001016401
A24: 2S02 | B24: 1001015867
A25: 2S03 | B25: 1001017243
A26: 2S04 | B26: 1001016882
A27: 2S05 | B27: 1001017853
A28: 2S06 | B28: 1001020723
A29: 2S07 | B29: 1001020456
A30: 2S08 | B30: 1001021847
A31: 2S09 | B31: 1001020726
A32: 2S10 | B32: 1001017885
A33: 2S11 | B33: 1001016467
A34: 2S12 | B34: 1001017641
A35: 2S13 | B35: 1001018483
A36: 2SDC
A37: 2U
A38: 2U01 | B38: 1001020993
A39: 2U02 | B39: 1001022307
A40: 2U03 | B40: 1001019377
A41: 2U04 | B41: 1001018299
A42: 2U05 | B42: 1001021018
A43: 2U06 | B43: 1001022001
A44: 2U07 | B44: 1001019756
A45: 2U08 | B45: 1001020604
A46: 2U09 | B46: 1001019402
A47: 2U10 | B47: 1001019971
A48: 2U11 | B48: 1001022068
A49: 2UDC
A50: 3B
A51: 3B01 | B51: 1001017646
A52: 3B02 | B52: 1001017883
A53: 3B03 | B53: 1001022472
A54: 3B04 | B54: 1001017729
A55: 3B05 | B55: 1001018321
A56: 3B06 | B56: 1001020122
A57: 3B07 | B57: 1001020605
A58: 3B08 | B58: 1001021499
A59: 3B09 | B59: 1001021819
A60: 3B10 | B60: 1001021926
A61: 3BDC
A62: 3C
A63: 3C01 | B63: 1001016300
A64: 3C02 | B64: 1001014647
A65: 3C03 | B65: 1001014771
A66: 3C04 | B66: 1001016961
A67: 3C05 | B67: 1001021019
A68: 3C06 | B68: 1001017940
A69: 3CDC
A70: 3D
A71: 3D01 | B71: 1001015166
A72: 3D02 | B72: 1001021868
A73: 3D03 | B73: 1001020960
A74: 3D04 | B74: 1001020432
A75: 3D05 | B75: 1001019263
A76: 3D06 | B76: 1001021690
A77: 3D07 | B77: 1001017247
A78: 3D08 | B78: 1001015347
A79: 3D09 | B79: 1001019529
A80: 3D10 | B80: 1001021646
A81: 3DDC
A82: 3E
A83: 3E01 | B83: 1001020646
A84: 3E02 | B84: 1001015853
A85: 3E03 | B85: 1001017273
A86: 3E04 | B86: 1001017355
A87: 3E05 | B87: 1001018272
A88: 3E06 | B88: 1001018404
A89: 3E07 | B89: 1001018619
A90: 3E08 | B90: 1001018109
A91: 3EDC
A92: 3F
A93: 3F01 | B93: 1001020131
A94: 3F02 | B94: 1001021619
A95: 3F03 | B95: 1001020662
A96: 3F04 | B96: 1001019403
A97: 3F05 | B97: 1001020017
A98: 3F06 | B98: 1001020493
A99: 3F07 | B99: 1001021805
A100: 3F08 | B100: 1001017449
...

Sheet 工作表1
A1: 店鋪編號 | B1: DC別 | C1: 店鋪名稱 | D1: 店鋪地址 | E1: 經度 | F1: 緯度 | G1: 營業狀態 | H1: 夜間熄火 | I1: 不可大車 | J1: 不可爆量 | K1: 不可進店時段1 | L1: 不可進店時段2 | M1: 不可進店時段3
A2: 1001022683 | B2: 林口DC | C2: 新衡山店 | D2: 台北市中山區通北街１１１號 | E2: 121.538003000002 | F2: 25.0843040004376 | G2: 啟用 | H2: 是 | I2: 否 | J2: 否
A3: 1001022678 | B3: 林口DC | C3: 新莊萬安店 | D3: 新北市新莊區萬安街８０號 | E3: 121.420756000001 | F3: 25.023062000444 | G3: 啟用 | H3: 否 | I3: 否 | J3: 否
A4: 1001022674 | B4: 林口DC | C4: 五股維興店 | D4: 新北市五股區四維路７８號．８０號１樓 | E4: 121.467470000002 | F4: 25.0729070004433 | G4: 啟用 | H4: 否 | I4: 否 | J4: 否
A5: 1001022673 | B5: 林口DC | C5: 永和新廷店 | D5: 新北市永和區福和路３２０號１樓 | E5: 121.515708000002 | F5: 25.0073500004378 | G5: 啟用 | H5: 否 | I5: 否 | J5: 否
A6: 1001022651 | B6: 林口DC | C6: 三重集勇店 | D6: 新北市三重區集勇街１９號 | E6: 121.485095000002 | F6: 25.0851930004425 | G6: 啟用 | H6: 否 | I6: 否 | J6: 否
A7: 1001022650 | B7: 林口DC | C7: 錦西店 | D7: 台北市中山區錦西街８號 | E7: 121.521700000002 | F7: 25.0601540004387 | G7: 啟用 | H7: 否 | I7: 否 | J7: 否
A8: 1001022642 | B8: 林口DC | C8: 酒泉店 | D8: 台北市大同區庫倫街４８之４號 | E8: 121.518318000002 | F8: 25.0717690004393 | G8: 啟用 | H8: 否 | I8: 否 | J8: 否
A9: 1001022640 | B9: 林口DC | C9: 新莊超級店 | D9: 新北市新莊區莊崑路２５號１樓 | E9: 121.431353000002 | F9: 24.9995860004429 | G9: 啟用 | H9: 否 | I9: 否 | J9: 否
A10: 1001022639 | B10: 林口DC | C10: 淡水紅林店 | D10: 新北市淡水區八勢里中正東路二段６９號１樓 | E10: 121.459589000002 | F10: 25.1546070004461 | G10: 啟用 | H10: 否 | I10: 否 | J10: 否
A11: 1001022622 | B11: 林口DC | C11: 龍廣店 | D11: 台北市萬華區廣州街２０３號１．２樓 | E11: 121.500359000002 | F11: 25.0367310004399 | G11: 啟用 | H11: 否 | I11: 否 | J11: 否
A12: 1001022621 | B12: 林口DC | C12: 新廣州店 | D12: 台北市萬華區廣州街２３５－１號、２３５－２號 | E12: 121.498613000002 | F12: 25.0368370004401 | G12: 啟用 | H12: 否 | I12: 否 | J12: 否
A13: 1001022620 | B13: 林口DC | C13: 新格致店 | D13: 台北市士林區格致路５３號１樓 | E13: 121.546425000002 | F13: 25.137725000438 | G13: 啟用 | H13: 否 | I13: 否 | J13: 否
... A726: 1001005989 | B726: 林口DC | C726: 中賓店 | D726: 台北市中山區中山里中山北路二段５９之３號１樓 | E726: 121.523163437784 | F726: 25.0561398734651 | G726: 啟用 | H726: 否 | I726: 否 | J726: 否
